{"timesteps": 200, "ep_reward": 200, "num_updates": 0, "episodes": 200, "_timestamp": 1662723923.1811495, "_runtime": 275.66590547561646, "_step": 200, "_wandb": {"runtime": 275}}