{"timesteps": 200, "ep_reward": 200, "num_updates": 0, "episodes": 11, "_timestamp": 1662722298.027669, "_runtime": 21.124948978424072, "_step": 11, "_wandb": {"runtime": 20}}