{"timesteps": 22, "ep_reward": 1, "num_updates": 0, "episodes": 200, "_timestamp": 1662723048.555503, "_runtime": 141.2771279811859, "_step": 200, "_wandb": {"runtime": 140}}