{"timesteps": 54, "ep_reward": 54.0, "num_updates": 0, "episodes": 500, "_timestamp": 1662653649.2477236, "_runtime": 226.31192564964294, "_step": 500, "_wandb": {"runtime": 225}}