{"timesteps": 16, "ep_reward": 1, "num_updates": 0, "episodes": 500, "_timestamp": 1662724425.6697836, "_runtime": 207.58679962158203, "_step": 500, "_wandb": {"runtime": 207}}